Emw Combination,Combination,System
E4 | W7 ,Combination 1,.NET
E3 | E4 | W5 | W8 ,Combination 3,24HBP
E3 | E4 | W5 | W6 | W8 ,Combination 2,3D-OCT 2000
E3 | E4 | W5 | W6 | W8 ,Combination 2,3DI
E3 | E4 | W5 | W6 | W8 ,Combination 2,3D Topographer
E4 | W7 ,Combination 1,3T
E3 | E4 | W5 | W8 ,Combination 3,7500 PCR
E3 | E4 | W5 | W8 ,Combination 3,ABPM
E4 | W7 ,Combination 1,ABSS
E3 | E4 | W5 | W8 ,Combination 3,ACAV
E3 | E4 | W5 | W8 ,Combination 3,ACCESS
E3 | E4 | W5 | W6 | W8 ,Combination 2,ACCU-CHEK
W8 ,Combination 8,ACDSEE
E3 | E4 | W5 | W8 ,Combination 3,ACM
E4 | W7 ,Combination 1,ACRONIS
E4 | W7 ,Combination 1,ACS
E3 | E4 | W5 | W6 | W8 ,Combination 2,ACS-W
E3 | E4 | W5 | W6 | W8 ,Combination 2,ACTIGRAPH
E3 | E4 | W5 | W6 | W8 ,Combination 2,ACTILIFE
E4 | W7 ,Combination 1,ACTIVCLIENT
E4 | W7 ,Combination 1,ACTIVEROLES
E4 | W7 ,Combination 1,ACTIVEX
E4 | W7 ,Combination 1,ACTIVIDENTITY
E3 | E4 | W5 | W6 | W8 ,Combination 2,ADM
E4 | W7 ,Combination 1,ADOBE
E3 | W1 | W10 | W3 ,Combination 4,ADS
E3 | E4 | W5 | W8 ,Combination 3,ADVIA
E3 | E4 | W5 | W8 ,Combination 3,AE51
E3 | E4 | W5 | W8 ,Combination 3,AEI
E3 | E4 | W5 | W6 | W8 ,Combination 2,AEP
E3 | E4 | W5 | W8 ,Combination 3,AF-RTP
E3 | E4 | W5 | W8 ,Combination 3,AFDTL-IMS
E4 | W7 ,Combination 1,AFFYMETRIX
E4 | W7 ,Combination 1,AFMES SIPRNET
E3 | E4 | W8 ,Combination 5,AFMETS
E3 | E4 | W8 ,Combination 5,AFMS Dashboard
E3 | E4 | W5 | W8 ,Combination 3,AGFA
E3 | W1 | W10 | W3 ,Combination 4,AGILENT VEE
E4 | W7 ,Combination 1,AHPW
E3 | E4 | W5 | W8 ,Combination 3,AHSS
E3 | W1 | W10 | W3 ,Combination 4,AIDC
E3 | E4 | W5 | W8 ,Combination 3,AIMS
E4 | W7 ,Combination 1,AIMWTS
E4 | W7 ,Combination 1,AIP
E3 | E4 | W5 | W8 ,Combination 3,AIRSTRIP
E3 | E4 | W5 | W8 ,Combination 3,AKO TELECONSULTAT
E3 | E4 | W5 | W6 | W8 ,Combination 2,ALICE
E3 | E4 | W8 ,Combination 5,ALOHA
E2 | E3 | W2 | W5 | W8 ,Combination 10,AMA
W7 ,Combination 6,AMCOM-IntePage IP
E3 | W1 | W10 | W3 ,Combination 4,AMMAS
E4 | W7 ,Combination 1,AMO
E3 | W1 | W10 | W3 ,Combination 4,AMS
E3 | W1 | W10 | W3 ,Combination 4,AMSCOPE
W7 ,Combination 6,AMSMS
E4 | W7 ,Combination 1,AMX-TP
E3 | W1 | W10 | W3 ,Combination 4,ANALYZEDIRECT
E3 | E4 | W5 | W8 ,Combination 3,ANTIGEN
E4 | W7 ,Combination 1,ANYCONNECT
E3 | W1 | W10 | W3 ,Combination 4,ANYMAZE
E4 | W7 ,Combination 1,APACHE TOMCAT
W7 ,Combination 6,APC IMC
E3 | E4 | W8 ,Combination 5,APEX2-ASTB
E4 | W7 ,Combination 1,APPDNA
E3 | W1 | W10 | W3 ,Combination 4,APPRAIS
W8 ,Combination 8,APPROVEIT
E3 | W1 | W10 | W3 ,Combination 4,APPS
E4 | W7 ,Combination 1,APPS-MEDIA-CFI
E4 | W7 ,Combination 1,APPSENSE
E4 | W7 ,Combination 1,APP SERVER
E3 | E4 | W5 | W8 ,Combination 3,APTERYX
E4 | W7 ,Combination 1,ARCserve
E4 | W7 ,Combination 1,ARGENT
E3 | E4 | W5 | W6 | W8 ,Combination 2,ARMD
E3 | W1 | W10 | W3 ,Combination 4,ARMS
W8 ,Combination 8,AS-U-TYPE
E3 | E4 | W10 | W3 | W5 | W8 ,Combination 9,ASSETGATHER
E3 | E4 | W5 | W6 | W8 ,Combination 2,ASSIST
E3 | W1 | W10 | W3 ,Combination 4,ASWT
E3 | E4 | W5 | W6 | W8 ,Combination 2,ATA
E3 | E4 | W5 | W8 ,Combination 3,ATLAS
E3 | E4 | W5 | W6 | W8 ,Combination 2,ATLAS QA
E3 | E4 | W5 | W6 | W8 ,Combination 2,ATLAS TOPOGRAPHER
E3 | E4 | W5 | W8 ,Combination 3,ATOMLAB
E4 | W7 ,Combination 1,ATTACHMATE REFLEC
E4 | W7 ,Combination 1,AUDACITY
E3 | E4 | W5 | W6 | W8 ,Combination 2,AUDBASE
E3 | E4 | W5 | W6 | W8 ,Combination 2,AUDIOMETER AND AUDIOBOOTH
E3 | E4 | W5 | W6 | W8 ,Combination 2,AUDIOMETER AND AUDIO BOOTH
E3 | E4 | W5 | W6 | W8 ,Combination 2,AUDSOFT
E4 | W7 ,Combination 1,AUP PHC
E3 | W1 | W10 | W3 ,Combination 4,AUTODESK
E4 | W7 ,Combination 1,AUTOMATE
W8 ,Combination 8,AUTOSTORE
E3 | E4 | W5 | W8 ,Combination 3,AUTO IMMUNE ANALYZER
E4 | W7 ,Combination 1,AVAMAR
W7 ,Combination 6,AVAYA
E4 | W7 ,Combination 1,AV SUPPORT
E3 | W1 | W10 | W3 ,Combination 4,AWM
E3 | W1 | W10 | W3 ,Combination 4,AWN
E4 | W7 ,Combination 1,AXCELER
E3 | E4 | W5 | W6 | W8 ,Combination 2,Actical
E3 | W1 | W10 | W3 ,Combination 4,Agilent Bravo
E3 | E4 | W5 | W8 ,Combination 3,Analmonometry
W8 ,Combination 8,ApplicationXtender
E3 | E4 | W5 | W6 | W8 ,Combination 2,Audiometer and Audio Booth
E4 | W7 ,Combination 1,BACKUP
E3 | E4 | W5 | W8 ,Combination 3,BACTERIA ANALYZER
E4 | W7 ,Combination 1,BAMCCDWSUSS
E3 | E4 | W5 | W6 | W8 ,Combination 2,BASC
E4 | W7 ,Combination 1,BASCOM
E3 | E4 | W5 | W6 | W8 ,Combination 2,BAYLEY-III
E4 | W7 ,Combination 1,BBDS
E3 | E4 | W8 ,Combination 5,BBPET
E4 | W7 ,Combination 1,BCSS
E3 | E4 | W8 ,Combination 5,BDQAS
E3 | E4 | W5 | W6 | W8 ,Combination 2,BECK
E3 | E4 | W5 | W6 | W8 ,Combination 2,BHDP
E4 | W7 ,Combination 1,BHIE
E4 | W7 ,Combination 1,BHSOCCDIPV
E3 | E4 | W5 | W8 ,Combination 3,BICC
E3 | W1 | W10 | W3 ,Combination 4,BIO-PLEX
E3 | E4 | W5 | W6 | W8 ,Combination 2,BIOANALYSIS
E3 | W1 | W10 | W3 ,Combination 4,BIOANALYZER
E3 | E4 | W5 | W8 ,Combination 3,BIOCARE
E3 | E4 | W5 | W8 ,Combination 3,BIOCHROM
E3 | W1 | W10 | W3 ,Combination 4,BIODEX
E3 | E4 | W5 | W6 | W8 ,Combination 2,BIOGRAPH INFINITI
E3 | E4 | W5 | W6 | W8 ,Combination 2,BIOMETRY MACHINE IOLMASTER
E3 | W1 | W10 | W3 ,Combination 4,BIONUMERICS
E3 | E4 | W5 | W8 ,Combination 3,BIOPSY SYSTEM BREAST
E3 | E4 | W5 | W8 ,Combination 3,BIOTEK
E3 | W1 | W10 | W3 ,Combination 4,BIOWORKS
E3 | E4 | W5 | W8 ,Combination 3,BIRAD
E4 | W7 ,Combination 1,BIZCOM
E3 | E4 | W5 | W6 | W8 ,Combination 2,BLADDER VOLUME CALCULATOR
E3 | E4 | W5 | W8 ,Combination 3,BLAZE
E4 | W7 ,Combination 1,BLINK
E3 | E4 | W5 | W8 ,Combination 3,BLOOD ANALYZER
E4 | W7 ,Combination 1,BLUE COAT
E3 | E4 | W5 | W8 ,Combination 3,BMI
E3 | E4 | W5 | W6 | W8 ,Combination 2,BOARDMAKER
E3 | E4 | W5 | W8 ,Combination 3,BONE SCANNER
E3 | E4 | W5 | W6 | W8 ,Combination 2,BRAINJACK
E3 | E4 | W5 | W6 | W8 ,Combination 2,BRAINLAB
E3 | E4 | W5 | W6 | W8 ,Combination 2,BRAIN FITNESS
E2 | E3 | W2 | W5 | W8 ,Combination 10,BRC
E3 | E4 | W5 | W6 | W8 ,Combination 2,BRDSS-C
E3 | E4 | W5 | W6 | W8 ,Combination 2,BREEZESUITE
E4 | W7 ,Combination 1,BRG
E3 | E4 | W5 | W6 | W8 ,Combination 2,BRIEF-SP
E3 | W1 | W10 | W3 ,Combination 4,BRUKER
E3 | E4 | W8 ,Combination 5,BSDI
E4 | W7 ,Combination 1,Blades
E3 | E4 | W5 | W8 ,Combination 3,Blood Analyzer
E4 | W7 ,Combination 1,Blue-Ray devices
E3 | E4 | W5 | W8 ,Combination 3,Bone Scanner
E3 | E4 | W5 | W6 | W8 ,Combination 2,Brain-Train
E3 | E4 | W5 | W8 ,Combination 3,Brightview X
E3 | W1 | W10 | W3 ,Combination 4,Buxco FinePointe
E4 | W7 ,Combination 1,CA
E4 | W7 ,Combination 1,CACHE
E4 | W7 ,Combination 1,CAC RESET
E3 | E4 | W5 | W6 | W8 ,Combination 2,CAD-SP
E3 | E4 | W8 ,Combination 5,CAMEO
E4 | W7 ,Combination 1,CAMO CLUSTER
E3 | E4 | W5 | W8 ,Combination 3,CANCER CE
E3 | E4 | W5 | W8 ,Combination 3,CANON
E3 | E4 | W5 | W6 | W8 ,Combination 2,CAPTAINS LOG
E3 | E4 | W5 | W6 | W8 ,Combination 2,CARDIO2
E3 | E4 | W5 | W6 | W8 ,Combination 2,CARDIO X-Ray Device
E4 | W7 ,Combination 1,CARDMINDER PFU
E3 | E4 | W5 | W6 | W8 ,Combination 2,CARE360
E3 | E4 | W5 | W8 ,Combination 3,CARECHEK
E3 | E4 | W5 | W6 | W8 ,Combination 2,CATEGORY TEST
E3 | E4 | W5 | W6 | W8 ,Combination 2,CATH LAB DB
E3 | W1 | W10 | W3 ,Combination 4,CB
E3 | E4 | W10 | W3 | W5 | W8 ,Combination 9,CC-VISION
E3 | E4 | W5 | W6 | W8 ,Combination 2,CCA-200
E3 | E4 | W5 | W6 | W8 ,Combination 2,CCOACH
E4 | W7 ,Combination 1,CDB
E3 | E4 | W5 | W8 ,Combination 3,CDDLIS
E3 | E4 | W5 | W8 ,Combination 3,CDI
E3 | W1 | W10 | W3 ,Combination 4,CDMRP
E4 | W7 ,Combination 1,CD TOWER
E3 | E4 | W5 | W6 | W8 ,Combination 2,CED
E3 | E4 | W5 | W8 ,Combination 3,CEDARS-SINAI
E3 | E4 | W10 | W3 | W5 | W8 ,Combination 9,CEEP
E3 | E4 | W8 ,Combination 5,CEIP- AFCHIPS
E3 | E4 | W8 ,Combination 5,CEIP- BI Virtualization
E3 | E4 | W8 ,Combination 5,CEIP- CAIB
E3 | E4 | W8 ,Combination 5,CEIP- CAP
E3 | E4 | W8 ,Combination 5,CEIP- COHORT
E3 | E4 | W8 ,Combination 5,CEIP- DAVINCI
E3 | E4 | W8 ,Combination 5,CEIP- HCE
E3 | E4 | W8 ,Combination 5,CEIP- HSDW
E3 | E4 | W8 ,Combination 5,CEIP- MHS Dashboard
E3 | E4 | W8 ,Combination 5,CEIP- RMS
E3 | E4 | W10 | W3 | W5 | W8 ,Combination 9,CENSITRAC
E4 | W7 ,Combination 1,CERBERUS
E3 | E4 | W5 | W6 | W8 ,Combination 2,CEREC
E3 | E4 | W5 | W6 | W8 ,Combination 2,CGMSI
E3 | E4 | W5 | W6 | W8 ,Combination 2,CHART
E3 | E4 | W8 ,Combination 5,CHAS
E3 | E4 | W5 | W8 ,Combination 3,CHEMIDOC
E2 | E3 | W2 | W5 | W8 ,Combination 10,CINAHL
E3 | E4 | W5 | W6 | W8 ,Combination 2,CIRRUS OCT
E3 | E4 | W5 | W6 | W8 ,Combination 2,CIS
E4 | W7 ,Combination 1,CISCOWLAN
E4 | W7 ,Combination 1,CISCO PRIME
E4 | W7 ,Combination 1,CITRIX
E4 | W7 ,Combination 1,CLEARPASS
E3 | E4 | W5 | W8 ,Combination 3,CLEARVIEW
E3 | W1 | W10 | W3 ,Combination 4,CLSARRAHS
E4 | W7 ,Combination 1,CMA
W7 ,Combination 6,CMC
E3 | W1 | W10 | W3 ,Combination 4,CN3D
E3 | E4 | W5 | W6 | W8 ,Combination 2,CNSVITAL
E3 | E4 | W5 | W8 ,Combination 3,CNT
E3 | E4 | W10 | W3 | W5 | W8 ,Combination 9,COAGULATION ANALYZER
E3 | E4 | W5 | W8 ,Combination 3,COBAS BGELINK
E4 | W7 ,Combination 1,COLD FUSION
E3 | E4 | W5 | W6 | W8 ,Combination 2,COLPOSCOPE CERVEILLANCE
E3 | E4 | W5 | W6 | W8 ,Combination 2,COLPOSCOPE OPTIK
E3 | W1 | W10 | W3 ,Combination 4,COM-BOS
E4 | W7 ,Combination 1,COMM
E4 | W7 ,Combination 1,COMMANDVIEW
E4 | W7 ,Combination 1,COMMUNICATION SYSTEM
E4 | W7 ,Combination 1,COMMVAULT
E4 | W7 ,Combination 1,COMPLETE VIEW
E3 | E4 | W5 | W8 ,Combination 3,COMPUDAT
E3 | E4 | W5 | W6 | W8 ,Combination 2,COMPUMEDICS
E3 | E4 | W5 | W6 | W8 ,Combination 2,COMPUTRITION
E3 | W1 | W10 | W3 ,Combination 4,COMSOL
W7 ,Combination 6,CON
W7 ,Combination 6,CONNECTDIRECT
E3 | E4 | W5 | W8 ,Combination 3,COPATH
E4 | W7 ,Combination 1,COPIER
E3 | E4 | W5 | W6 | W8 ,Combination 2,COPILOT
W8 ,Combination 8,CORELDRAW
E3 | E4 | W5 | W6 | W8 ,Combination 2,CORNEAL TOPOGRAPHY ATLAS
E3 | E4 | W5 | W6 | W8 ,Combination 2,CORNEAL TOPOGRAPHY GALILEI
E3 | E4 | W5 | W6 | W8 ,Combination 2,CORNEAL TOPOGRAPHY MAGELLAN
E3 | E4 | W5 | W6 | W8 ,Combination 2,CORNEAL TOPOGRAPHY ORBSCAN
E3 | E4 | W5 | W6 | W8 ,Combination 2,COUMACARE
W7 ,Combination 6,COUNTERACT
E3 | E4 | W5 | W6 | W8 ,Combination 2,CPCI
E4 | W7 ,Combination 1,CPS
E3 | E4 | W5 | W6 | W8 ,Combination 2,CPT-II
W8 ,Combination 8,CPW
W8 ,Combination 8,CR
E3 | E4 | W5 | W8 ,Combination 3,CRAT
E3 | E4 | W5 | W8 ,Combination 3,CRL2
E3 | E4 | W5 | W6 | W8 ,Combination 2,CSDR
E3 | E4 | W5 | W6 | W8 ,Combination 2,CSET
E2 | E3 | W2 | W5 | W8 ,Combination 10,CSP
E4 | W7 ,Combination 1,CS 10
E3 | E4 | W8 ,Combination 5,CT-CV
E3 | E4 | W5 | W8 ,Combination 3,CT SCANNER
E3 | E4 | W5 | W8 ,Combination 3,CT Scanner
E3 | E4 | W5 | W6 | W8 ,Combination 2,CVDBASE
E3 | E4 | W5 | W6 | W8 ,Combination 2,CVLT-II
E4 | W7 ,Combination 1,CW
E3 | E4 | W5 | W8 ,Combination 3,CYSTOMETRY
E3 | E4 | W5 | W8 ,Combination 3,CYTOVISION
E3 | E4 | W5 | W8 ,Combination 3,Calorimeter
E3 | E4 | W5 | W8 ,Combination 3,Camera  GAMMA
E3 | E4 | W5 | W6 | W8 ,Combination 2,Cardio X-Ray Device
E3 | W1 | W10 | W3 ,Combination 4,CatWalk XT
E3 | E4 | W5 | W8 ,Combination 3,CoAP
E3 | E4 | W5 | W6 | W8 ,Combination 2,CoagClinic
E3 | E4 | W10 | W3 | W5 | W8 ,Combination 9,Coagulation Analyzer
E3 | E4 | W5 | W8 ,Combination 3,Confocal Microsco
E3 | E4 | W5 | W6 | W8 ,Combination 2,D-KEFS
E4 | W7 ,Combination 1,DA
E4 | W7 ,Combination 1,DAMEWARE
E3 | E4 | W5 | W6 | W8 ,Combination 2,DAMIS
E3 | E4 | W5 | W6 | W8 ,Combination 2,DAPS
E3 | W1 | W10 | W3 ,Combination 4,DAQ
E3 | E4 | W8 ,Combination 5,DART
E3 | W1 | W10 | W3 ,Combination 4,DARTFISH
E4 | W7 ,Combination 1,DATALOAD
E4 | W7 ,Combination 1,DATA CENTER
E4 | W7 ,Combination 1,DATA ONTAP
E3 | E4 | W8 ,Combination 5,DAVINCI
E4 | W7 ,Combination 1,DBAPPS
E4 | W7 ,Combination 1,DBSIGN
E4 | W7 ,Combination 1,DB NET
E4 | W7 ,Combination 1,DC
E3 | E4 | W10 | W3 | W5 | W8 ,Combination 9,DCAM
E3 | E4 | W5 | W8 ,Combination 3,DDI
E3 | E4 | W5 | W6 | W8 ,Combination 2,DENCAS
E3 | E4 | W5 | W8 ,Combination 3,DENTAL XRAY INTRA
E3 | E4 | W5 | W8 ,Combination 3,DENTAL XRAY PANORAMIC
E3 | E4 | W5 | W8 ,Combination 3,DENTRIX
E4 | W7 ,Combination 1,DESKTOP VALIDATOR
E3 | E4 | W5 | W8 ,Combination 3,DEVAA
E3 | E4 | W5 | W6 | W8 ,Combination 2,DEXTER
E3 | E4 | W5 | W8 ,Combination 3,DFST
W8 ,Combination 8,DHA CMS
E4 | W7 ,Combination 1,DHCP
E3 | E4 | W10 | W3 | W5 | W8 ,Combination 9,DIACAP
W7 ,Combination 6,DIALOGIC
E3 | E4 | W5 | W8 ,Combination 3,DIALYSIS TEST ADMINISTRATION STATION
E3 | E4 | W5 | W8 ,Combination 3,DICE
E3 | E4 | W5 | W8 ,Combination 3,DIGIRAD
E3 | E4 | W5 | W6 | W8 ,Combination 2,DIGITAL EYE CHART
W7 ,Combination 6,DIGITAL SIGNAGE
E3 | E4 | W5 | W6 | W8 ,Combination 2,DIGITAL SWALLOWING
E3 | E4 | W5 | W8 ,Combination 3,DIGITAL XRAY DIAGNOST
E3 | E4 | W5 | W8 ,Combination 3,DIGITAL XRAY PRECISION
E3 | E4 | W5 | W8 ,Combination 3,DIMAXIS PRO
E3 | E4 | W5 | W8 ,Combination 3,DIMENSION CHEMISTRY ANALYZER
E3 | E4 | W5 | W8 ,Combination 3,DIMPACS
E3 | E4 | W5 | W8 ,Combination 3,DINPACS
W7 ,Combination 6,DIRECTORY SERVICE
E4 | W7 ,Combination 1,DIRECTX
E3 | E4 | W5 | W8 ,Combination 3,DISCO
E4 | W7 ,Combination 1,DISKEEPER
E3 | E4 | W5 | W8 ,Combination 3,DIVERSE LAB
E3 | E4 | W5 | W8 ,Combination 3,DLLS
E3 | E4 | W8 ,Combination 5,DLSF PHC
E3 | E4 | W8 ,Combination 5,DMACS
E3 | E4 | W5 | W8 ,Combination 3,DNA AMPLIFICATION ASSAY
W8 ,Combination 8,DNS
W8 ,Combination 8,DOCUSHARE
W8 ,Combination 8,DOCUWARE
E3 | E4 | W8 ,Combination 5,DOD-VA
E3 | E4 | W5 | W8 ,Combination 3,DOD-VA I SHARE
E4 | W7 ,Combination 1,DOF
E3 | E4 | W5 | W8 ,Combination 3,DOLPHIN
E2 | E3 | W2 | W5 | W8 ,Combination 10,DOSS
E4 | W7 ,Combination 1,DR
E3 | E4 | W5 | W8 ,Combination 3,DR  DX  CR
W7 ,Combination 6,DRA
E3 | E4 | W5 | W6 | W8 ,Combination 2,DRAGER
E3 | E4 | W5 | W6 | W8 ,Combination 2,DRST
E3 | E4 | W8 ,Combination 5,DRSi
E4 | W7 ,Combination 1,DS-ET
E3 | E4 | W5 | W8 ,Combination 3,DSCOPE
E3 | W1 | W10 | W3 ,Combination 4,DSI
E3 | W1 | W10 | W3 ,Combination 4,DSI S11 X11
W7 ,Combination 6,DSN
E4 | W7 ,Combination 1,DT
E3 | E4 | W5 | W8 ,Combination 3,DT-702 DOSE
E3 | E4 | W5 | W8 ,Combination 3,DTOX
E3 | E4 | W5 | W6 | W8 ,Combination 2,DTREE
E3 | E4 | W5 | W8 ,Combination 3,DTRS
E4 | W7 ,Combination 1,DTS DT
E3 | E4 | W5 | W6 | W8 ,Combination 2,DVS
E2 | E3 | W2 | W5 | W8 ,Combination 10,DV TRAINER
E4 | W7 ,Combination 1,DYMO
E2 | E3 | W2 | W5 | W8 ,Combination 10,DYNAMED
E3 | E4 | W5 | W8 ,Combination 3,DYNEX DS2
E4 | W7 ,Combination 1,DecisionBase Pro
E3 | E4 | W5 | W8 ,Combination 3,Digital Image Processor
E3 | W1 | W10 | W3 ,Combination 4,Discovery Studio
E3 | E4 | W8 ,Combination 5,DoD-VA
E4 | W7 ,Combination 1,DoubleTake
E4 | W7 ,Combination 1,E-FAX
E2 | E3 | W2 | W5 | W8 ,Combination 10,E-Proxy
E3 | E4 | W5 | W8 ,Combination 3,E2A
E3 | E4 | W5 | W6 | W8 ,Combination 2,E4D
E3 | W1 | W10 | W3 ,Combination 4,EBRAP
E4 | W7 ,Combination 1,EBSCO DS
E3 | E4 | W5 | W8 ,Combination 3,ECAA
E3 | E4 | W8 ,Combination 5,ECDRS
E3 | W1 | W10 | W3 ,Combination 4,ECDTP
E3 | E4 | W5 | W8 ,Combination 3,ECHOCARDIOGRAPH
E3 | E4 | W5 | W8 ,Combination 3,ECIA
E3 | E4 | W5 | W6 | W8 ,Combination 2,ECLIPSE
E3 | E4 | W5 | W8 ,Combination 3,ECONSENT
E3 | E4 | W5 | W6 | W8 ,Combination 2,EC 100
E4 | W7 ,Combination 1,EDA
E3 | E4 | W8 ,Combination 5,EDES
E4 | W7 ,Combination 1,EDIPV
E3 | E4 | W5 | W8 ,Combination 3,EDIS
E4 | W7 ,Combination 1,EDS VTC
E3 | E4 | W5 | W6 | W8 ,Combination 2,EEG AS40
E3 | E4 | W5 | W6 | W8 ,Combination 2,EEG Alliance Works
E3 | E4 | W5 | W6 | W8 ,Combination 2,EEG EASY II
E3 | E4 | W5 | W6 | W8 ,Combination 2,EEG NEUROFAX
E3 | E4 | W5 | W6 | W8 ,Combination 2,EEG TRUSCAN
W7 ,Combination 6,EHEALTH
E4 | W7 ,Combination 1,EINFOTREE
E3 | W1 | W10 | W3 ,Combination 4,EIRB
E3 | E4 | W10 | W3 | W5 | W8 ,Combination 9,EKAHAU
E3 | E4 | W5 | W6 | W8 ,Combination 2,EKG-ECG DEVICE
E3 | E4 | W5 | W6 | W8 ,Combination 2,EKG-ECG Device
E4 | W7 ,Combination 1,ELA
E3 | E4 | W5 | W6 | W8 ,Combination 2,ELECTROGLOTTOGRAPHY DIGITAL STROBE
E2 | E3 | W2 | W5 | W8 ,Combination 10,ELSEVIER
E4 | W7 ,Combination 1,EMBASSY
E3 | E4 | W5 | W6 | W8 ,Combination 2,EMBLETTA
E4 | W7 ,Combination 1,EMC
E3 | E4 | W5 | W6 | W8 ,Combination 2,EMG
E4 | W7 ,Combination 1,EMILPO
W8 ,Combination 8,EMPRISE
W8 ,Combination 8,EMSTAT
E3 | E4 | W5 | W6 | W8 ,Combination 2,EMWAVE
E3 | E4 | W5 | W8 ,Combination 3,ENDOMANAGER
E3 | E4 | W5 | W6 | W8 ,Combination 2,ENDOSCOPY
E3 | E4 | W5 | W6 | W8 ,Combination 2,ENDOSOFT
E3 | E4 | W5 | W6 | W8 ,Combination 2,ENDOWORKS
E4 | W7 ,Combination 1,ENDURACUT
W7 ,Combination 6,ENOSIS
W7 ,Combination 6,ENS
E3 | E4 | W8 ,Combination 5,ENTOLAB
E3 | E4 | W5 | W8 ,Combination 3,EPD
E3 | E4 | W8 ,Combination 5,EPEB
E3 | E4 | W5 | W6 | W8 ,Combination 2,EPICCARE
E3 | E4 | W8 ,Combination 5,EPICENTER
E3 | E4 | W5 | W8 ,Combination 3,EPINET
E3 | E4 | W5 | W6 | W8 ,Combination 2,EPIPHANY
E3 | E4 | W8 ,Combination 5,EPIQUEST
E3 | E4 | W5 | W6 | W8 ,Combination 2,EPKI
E3 | W1 | W10 | W3 ,Combination 4,EPRIME
E3 | E4 | W10 | W3 | W5 | W8 ,Combination 9,EP EVALUATOR
E3 | E4 | W5 | W6 | W8 ,Combination 2,EP MEDSTATION
E4 | W7 ,Combination 1,EQUIP
E4 | W7 ,Combination 1,ERAM PHC
E3 | W1 | W10 | W3 ,Combination 4,ERECEIPT
E3 | E4 | W5 | W8 ,Combination 3,ERGOFIX
E2 | E3 | W2 | W5 | W8 ,Combination 10,ERMC JOURNALS
E3 | W1 | W10 | W3 ,Combination 4,ERMS
E4 | W7 ,Combination 1,ERWIN
E3 | E4 | W10 | W3 | W5 | W8 ,Combination 9,ESIMS
E3 | E4 | W5 | W8 ,Combination 3,ESOHIR
E3 | E4 | W5 | W6 | W8 ,Combination 2,ESOPHAGEAL MANOMETRY
E3 | E4 | W5 | W8 ,Combination 3,ESR-AUTO PLUS
E3 | E4 | W8 ,Combination 5,ESSENCE
E3 | W1 | W10 | W3 ,Combination 4,EST 2000
E4 | W7 ,Combination 1,ET
E4 | W7 ,Combination 1,EUD
E4 | W7 ,Combination 1,EVAS
E4 | W7 ,Combination 1,EVENTSENTRY
E3 | E4 | W5 | W8 ,Combination 3,EVENT MANAGEMENT
E3 | E4 | W5 | W6 | W8 ,Combination 2,EV 1000
E4 | W7 ,Combination 1,EW
W8 ,Combination 8,EWA
W7 ,Combination 6,EXCHANGE
E3 | E4 | W8 ,Combination 5,EXERCISE PRO
E3 | E4 | W5 | W8 ,Combination 3,EXIT WRITER
E3 | E4 | W5 | W6 | W8 ,Combination 2,EXPANDED HRB
W7 ,Combination 6,EXPERT
W8 ,Combination 8,EXPLORER
E4 | W7 ,Combination 1,EXTRANET
E3 | E4 | W5 | W6 | W8 ,Combination 2,EYEDOCK
E3 | E4 | W5 | W8 ,Combination 3,Easy Coder
E3 | E4 | W5 | W6 | W8 ,Combination 2,Electrotherapy
E4 | W7 ,Combination 1,EndNote
E3 | E4 | W8 ,Combination 5,EpiInfo
E3 | E4 | W5 | W8 ,Combination 3,Exit Writer
E3 | E4 | W5 | W8 ,Combination 3,FADL LIMS
E3 | E4 | W5 | W6 | W8 ,Combination 2,FAPDB
E3 | E4 | W5 | W6 | W8 ,Combination 2,FASOR
E3 | E4 | W10 | W3 | W5 | W8 ,Combination 9,FATS
E3 | E4 | W8 ,Combination 5,FBIR
E3 | E4 | W5 | W8 ,Combination 3,FCR GO 2
E3 | W1 | W10 | W3 ,Combination 4,FEAR CONDITIONING
E3 | E4 | W5 | W6 | W8 ,Combination 2,FETAL MONITOR
E3 | E4 | W5 | W6 | W8 ,Combination 2,FETAL MONITOR COROMETRICS
E3 | E4 | W5 | W6 | W8 ,Combination 2,FETAL MONITOR PHILLIPS
E3 | E4 | W5 | W8 ,Combination 3,FILENET
W8 ,Combination 8,FIREDAEMON
E3 | E4 | W5 | W6 | W8 ,Combination 2,FITMATE
E3 | E4 | W5 | W8 ,Combination 3,FITPLUS
E3 | E4 | W10 | W3 | W5 | W8 ,Combination 9,FLD
E3 | W1 | W10 | W3 ,Combination 4,FLIR
W7 ,Combination 6,FLUKE
E3 | E4 | W5 | W8 ,Combination 3,FLUORSCAN DEVICE
E4 | W7 ,Combination 1,FNS
E3 | E4 | W5 | W8 ,Combination 3,FONEMED
E3 | W1 | W10 | W3 ,Combination 4,FOOD PROCESSOR
E3 | E4 | W5 | W6 | W8 ,Combination 2,FOOT SCAN
W7 ,Combination 6,FORESCOUT
W7 ,Combination 6,FORTIFY
W8 ,Combination 8,FORTRANLINT
E4 | W7 ,Combination 1,FSCALE
E4 | W7 ,Combination 1,FS PRO
E3 | E4 | W5 | W8 ,Combination 3,FT-IR
E3 | E4 | W5 | W8 ,Combination 3,FTDTL
E3 | E4 | W5 | W6 | W8 ,Combination 2,FUNDUS CAMERA
E4 | W7 ,Combination 1,FUSION
E3 | E4 | W5 | W8 ,Combination 3,FUSIONFX
E3 | E4 | W5 | W6 | W8 ,Combination 2,Fetal Monitor Avalon
E3 | E4 | W5 | W6 | W8 ,Combination 2,Fetal Monitor Viridia
E3 | E4 | W5 | W6 | W8 ,Combination 2,Field ANALYZER
E3 | W1 | W10 | W3 ,Combination 4,FlexiVent
E3 | E4 | W5 | W8 ,Combination 3,Floroscan Device
E3 | E4 | W5 | W8 ,Combination 3,Fluoroscan Device
E3 | E4 | W8 ,Combination 5,G3
E3 | W1 | W10 | W3 ,Combination 4,GAMS
E4 | W7 ,Combination 1,GARMIN
E3 | W1 | W10 | W3 ,Combination 4,GASMET
E3 | E4 | W5 | W6 | W8 ,Combination 2,GASTROSCOPE
E3 | W1 | W10 | W3 ,Combination 4,GATAN
E4 | W7 ,Combination 1,GDR
E3 | E4 | W5 | W6 | W8 ,Combination 2,GDX PRO
E3 | E4 | W5 | W8 ,Combination 3,GEM
E2 | E3 | W2 | W5 | W8 ,Combination 10,GEMS-Human Phys
E3 | W1 | W10 | W3 ,Combination 4,GENESPRING
E3 | E4 | W5 | W8 ,Combination 3,GENEXPERT
E3 | W1 | W10 | W3 ,Combination 4,GENOME
E4 | W7 ,Combination 1,GETWELL
E4 | W7 ,Combination 1,GFI
E3 | E4 | W5 | W8 ,Combination 3,GLUCOMETER XCEED PRO
E3 | E4 | W5 | W6 | W8 ,Combination 2,GMIX HDR
E4 | W7 ,Combination 1,GOVERLAN
E3 | E4 | W5 | W8 ,Combination 3,GPPDMS
W8 ,Combination 8,GRAPHPAD
E3 | E4 | W5 | W6 | W8 ,Combination 2,GREENWMT
W8 ,Combination 8,GSVIEW
E3 | E4 | W8 ,Combination 5,GWF
E3 | W1 | W10 | W3 ,Combination 4,Gaussian
E3 | E4 | W5 | W8 ,Combination 3,Ghost
W7 ,Combination 6,HBSS
E3 | E4 | W5 | W6 | W8 ,Combination 2,HCE
E4 | W7 ,Combination 1,HDD
E4 | W7 ,Combination 1,HDSS
E4 | W7 ,Combination 1,HEALTH.MIL
E3 | E4 | W8 ,Combination 5,HEALTHCONNECTION
E3 | E4 | W5 | W6 | W8 ,Combination 2,HEARING AID FITTING
E4 | W7 ,Combination 1,HEAT
E3 | E4 | W5 | W6 | W8 ,Combination 2,HEG
E3 | E4 | W10 | W3 | W5 | W8 ,Combination 9,HEMATOLOGY ANALYZER
E3 | E4 | W5 | W8 ,Combination 3,HERMES
E3 | E4 | W5 | W6 | W8 ,Combination 2,HI-PRO
E4 | W7 ,Combination 1,HIGHMAT EXTENSION
E3 | E4 | W10 | W3 | W5 | W8 ,Combination 9,HMIRS
E3 | E4 | W5 | W8 ,Combination 3,HMI PACS
E3 | W1 | W10 | W3 ,Combination 4,HOKANSON
E3 | E4 | W5 | W6 | W8 ,Combination 2,HOLTER
E4 | W7 ,Combination 1,HOME-DEPT CLUSTER
E3 | W1 | W10 | W3 ,Combination 4,HOMECAGE SCAN
E4 | W7 ,Combination 1,HP
E3 | E4 | W5 | W8 ,Combination 3,HPV
W7 ,Combination 6,HP OpenView
E4 | W7 ,Combination 1,HTB
E4 | W7 ,Combination 1,HTC G1 SMARTPHONE
E4 | W7 ,Combination 1,HTEMGMC
E3 | E4 | W5 | W6 | W8 ,Combination 2,HUMPHREY VF
E3 | E4 | W5 | W6 | W8 ,Combination 2,HVLT
E3 | W1 | W10 | W3 ,Combination 4,HVS Image
E3 | E4 | W8 ,Combination 5,HYDRATION
E3 | E4 | W5 | W6 | W8 ,Combination 2,HYPERBARIC
E3 | E4 | W5 | W6 | W8 ,Combination 2,Hearing Aid Fitting
E3 | E4 | W10 | W3 | W5 | W8 ,Combination 9,Hematology Analyzer
E3 | W1 | W10 | W3 ,Combination 4,Hyperspectral
W7 ,Combination 6,IA-BD
W7 ,Combination 6,IA-CR
W7 ,Combination 6,IA-CandA
E4 | W7 ,Combination 1,IA-PKE
E4 | W7 ,Combination 1,IA-SITA
E4 | W7 ,Combination 1,IA-SWA
E3 | W1 | W10 | W3 ,Combination 4,IACTE
W7 ,Combination 6,IARS
E3 | W1 | W10 | W3 ,Combination 4,IEF CELL
E3 | E4 | W5 | W6 | W8 ,Combination 2,IGT
E4 | W7 ,Combination 1,IISAS
E4 | W7 ,Combination 1,IMDII
E3 | E4 | W5 | W8 ,Combination 3,IMED
E3 | E4 | W5 | W8 ,Combination 3,IMITS-TR
E3 | E4 | W5 | W8 ,Combination 3,IMMUNOASSAY ANALYZER
E3 | E4 | W5 | W8 ,Combination 3,IMMUNOASSAY SYSTEM
E3 | E4 | W5 | W8 ,Combination 3,IMPAX
E3 | E4 | W5 | W8 ,Combination 3,IMPLANT TRACKER
E3 | E4 | W5 | W6 | W8 ,Combination 2,IMPLANT VIEW
E3 | E4 | W10 | W3 | W5 | W8 ,Combination 9,IMPRESS
E3 | E4 | W5 | W8 ,Combination 3,INFINITY
E4 | W7 ,Combination 1,INFORMATICA
E4 | W7 ,Combination 1,INFORMIX CONNECT
W8 ,Combination 8,INFRAGISTICS
E3 | W1 | W10 | W3 ,Combination 4,INFRARED CAMERA
E4 | W7 ,Combination 1,INGRES
E3 | E4 | W5 | W6 | W8 ,Combination 2,INSIGHT
E4 | W7 ,Combination 1,INSTALLSHIELD
E3 | E4 | W5 | W6 | W8 ,Combination 2,INTELLIDOSE
E3 | E4 | W5 | W8 ,Combination 3,INVIVO
E3 | E4 | W5 | W6 | W8 ,Combination 2,IOL CONSULTANT
E3 | E4 | W5 | W6 | W8 ,Combination 2,IOL MASTER
E3 | W1 | W10 | W3 ,Combination 4,ION
E3 | E4 | W5 | W6 | W8 ,Combination 2,IOR
E3 | W1 | W10 | W3 ,Combination 4,IPA
E3 | E4 | W5 | W6 | W8 ,Combination 2,IPFG MSI
E3 | E4 | W5 | W8 ,Combination 3,IPLEDGE
E3 | W1 | W10 | W3 ,Combination 4,IPM
E4 | W7 ,Combination 1,IPRN
E3 | E4 | W5 | W8 ,Combination 3,IPRO
E4 | W7 ,Combination 1,IPS CONSOLE
E3 | W1 | W10 | W3 ,Combination 4,IP CAMERA
E3 | W1 | W10 | W3 ,Combination 4,IRBNET
W7 ,Combination 6,IRONPORT
W7 ,Combination 6,IRONVIEW
E4 | W7 ,Combination 1,IS
E3 | E4 | W5 | W8 ,Combination 3,ISITE
E3 | E4 | W5 | W8 ,Combination 3,ISTAT CDS
E3 | E4 | W5 | W6 | W8 ,Combination 2,ITRM
E4 | W7 ,Combination 1,IT Svcs
E3 | E4 | W5 | W6 | W8 ,Combination 2,IVA PLUS
E3 | E4 | W5 | W8 ,Combination 3,IVISS
E3 | W1 | W10 | W3 ,Combination 4,ImagePro Plus
E4 | W7 ,Combination 1,JABBER
E3 | E4 | W5 | W8 ,Combination 3,JAMS
E4 | W7 ,Combination 1,JANUS
E4 | W7 ,Combination 1,JAVA
E4 | W7 ,Combination 1,JAWS
E4 | W7 ,Combination 1,JETADMIN
E3 | E4 | W5 | W6 | W8 ,Combination 2,JHASIR
E3 | W1 | W10 | W3 ,Combination 4,JMP
E4 | W7 ,Combination 1,JUNIPER
E4 | W7 ,Combination 1,JXP
E4 | W7 ,Combination 1,Juniper
E4 | W7 ,Combination 1,KEA!
W7 ,Combination 6,KIWI
E3 | W1 | W10 | W3 ,Combination 4,KM
E3 | E4 | W5 | W6 | W8 ,Combination 2,KOKO
E3 | E4 | W5 | W6 | W8 ,Combination 2,KONAN
E4 | W7 ,Combination 1,KRP
E3 | E4 | W5 | W6 | W8 ,Combination 2,KR REFRACTOR
E3 | E4 | W5 | W8 ,Combination 3,LABCORP
E4 | W7 ,Combination 1,LABVIEW
E3 | E4 | W5 | W8 ,Combination 3,LAB MANAGER
E4 | W7 ,Combination 1,LASERFICHE
E3 | E4 | W5 | W6 | W8 ,Combination 2,LASER WELDER
E3 | E4 | W5 | W8 ,Combination 3,LATEX SENSITIVITY
E3 | E4 | W5 | W8 ,Combination 3,LD2
E3 | E4 | W5 | W8 ,Combination 3,LEAD
E3 | E4 | W5 | W6 | W8 ,Combination 2,LENSOMETER
E3 | W1 | W10 | W3 ,Combination 4,LIBRARY
E3 | E4 | W5 | W8 ,Combination 3,LIFETRAK
E3 | E4 | W5 | W6 | W8 ,Combination 2,LIGHTBOX
E4 | W7 ,Combination 1,LIGHTNING
E3 | E4 | W5 | W6 | W8 ,Combination 2,LINEAR ACCELERATOR
E4 | W7 ,Combination 1,LINK PLUS
E3 | E4 | W5 | W8 ,Combination 3,LISA
E3 | E4 | W5 | W6 | W8 ,Combination 2,LITHOTRIPTER
E3 | E4 | W5 | W8 ,Combination 3,LLIS
E4 | W7 ,Combination 1,LM
E4 | W7 ,Combination 1,LN
E4 | W7 ,Combination 1,LOAD
E3 | E4 | W8 ,Combination 5,LOGGERNET
E4 | W7 ,Combination 1,LOTUS
E4 | W7 ,Combination 1,LRS
E3 | E4 | W5 | W8 ,Combination 3,LSC
E3 | E4 | W5 | W8 ,Combination 3,LSM
E4 | W7 ,Combination 1,LTO LIBRARY
E4 | W7 ,Combination 1,LV
W7 ,Combination 6,LYNX
E3 | W1 | W10 | W3 ,Combination 4,Leica
E3 | E4 | W5 | W8 ,Combination 3,Luminos Agile
E3 | W1 | W10 | W3 ,Combination 4,M3
E3 | E4 | W5 | W6 | W8 ,Combination 2,MAC 5500 ECG
E3 | E4 | W5 | W8 ,Combination 3,MAGPIX
E3 | E4 | W5 | W8 ,Combination 3,MAGVIEW
E4 | W7 ,Combination 1,MAGic
E3 | E4 | W5 | W8 ,Combination 3,MAMMOGAPHY DEVICE
E3 | E4 | W5 | W8 ,Combination 3,MAMMOGRAPHY DEVICE
E3 | E4 | W5 | W8 ,Combination 3,MAMMOGRAPHY SW
E3 | E4 | W5 | W6 | W8 ,Combination 2,MANOSCAN MANOMETER
E3 | E4 | W5 | W6 | W8 ,Combination 2,MAPCHECK2
E3 | E4 | W5 | W6 | W8 ,Combination 2,MARCO CONNECT
E3 | E4 | W8 ,Combination 5,MARPLOT
E3 | E4 | W5 | W6 | W8 ,Combination 2,MARS
E3 | W1 | W10 | W3 ,Combination 4,MASCOT
W7 ,Combination 6,MASS NOTIFICATION
E3 | E4 | W5 | W6 | W8 ,Combination 2,MASTERSCREEN
E3 | E4 | W5 | W6 | W8 ,Combination 2,MASTER II
E3 | E4 | W5 | W6 | W8 ,Combination 2,MATHCAD
W8 ,Combination 8,MATHTYPE
E3 | W1 | W10 | W3 ,Combination 4,MATLAB
E4 | W7 ,Combination 1,MAX Fed
E4 | W7 ,Combination 1,MC4
E4 | W7 ,Combination 1,MCAFEE
W7 ,Combination 6,MCARE
E3 | E4 | W8 ,Combination 5,MCDB
E3 | E4 | W5 | W6 | W8 ,Combination 2,MCMI
E2 | E3 | W2 | W5 | W8 ,Combination 10,MDC
E3 | W1 | W10 | W3 ,Combination 4,ME
E3 | E4 | W8 ,Combination 5,MEBITT
E3 | E4 | W10 | W3 | W5 | W8 ,Combination 9,MEDB
E3 | E4 | W5 | W8 ,Combination 3,MEDCIN
E3 | E4 | W5 | W6 | W8 ,Combination 2,MEDIT
E4 | W7 ,Combination 1,MEDLOGSPT
E3 | E4 | W5 | W8 ,Combination 3,MEDVIEW
E3 | W1 | W10 | W3 ,Combination 4,MENDELEY
E3 | E4 | W5 | W6 | W8 ,Combination 2,MERGE CARDIO
W7 ,Combination 6,MESSAGE CLASSIFY
E3 | E4 | W5 | W8 ,Combination 3,METACHECK
E3 | W1 | W10 | W3 ,Combination 4,METACORE
E4 | W7 ,Combination 1,MHAL
E3 | E4 | W8 ,Combination 5,MHCE
E3 | E4 | W8 ,Combination 5,MHSPHP
E3 | E4 | W5 | W8 ,Combination 3,MICROBIOLOGY ANALYZER
E3 | E4 | W5 | W6 | W8 ,Combination 2,MICROCOG
E3 | E4 | W5 | W8 ,Combination 3,MICROPROBE
E4 | W7 ,Combination 1,MICROSOFT
E4 | W7 ,Combination 1,MIIA
E2 | E3 | W2 | W5 | W8 ,Combination 10,MILLENNIUM ILS
E3 | E4 | W5 | W6 | W8 ,Combination 2,MILLING SYSTEM
E3 | E4 | W5 | W6 | W8 ,Combination 2,MIM
E3 | E4 | W5 | W8 ,Combination 3,MINI C-ARM
E3 | E4 | W5 | W6 | W8 ,Combination 2,MIRROR PHOTOFILE
E4 | W7 ,Combination 1,MIRTH
E3 | E4 | W5 | W6 | W8 ,Combination 2,MMPI-2
E4 | M1 | W5 | W8 ,Combination 7,MODS-18D
E4 | M1 | W5 | W8 ,Combination 7,MODS-68W
E4 | M1 | W5 | W8 ,Combination 7,MODS-90BOG
E4 | M1 | W5 | W8 ,Combination 7,MODS-ACZDH
E4 | M1 | W5 | W8 ,Combination 7,MODS-ART
E4 | M1 | W5 | W8 ,Combination 7,MODS-AWR
E4 | M1 | W5 | W8 ,Combination 7,MODS-BHDP
E4 | M1 | W5 | W8 ,Combination 7,MODS-CBR
E4 | M1 | W5 | W8 ,Combination 7,MODS-CME-CNE
E4 | M1 | W5 | W8 ,Combination 7,MODS-CMS
E4 | M1 | W5 | W8 ,Combination 7,MODS-EMS
E4 | M1 | W5 | W8 ,Combination 7,MODS-ESS
E4 | M1 | W5 | W8 ,Combination 7,MODS-FYGME
E4 | M1 | W5 | W8 ,Combination 7,MODS-GME
E4 | M1 | W5 | W8 ,Combination 7,MODS-HCDP
E4 | M1 | W5 | W8 ,Combination 7,MODS-HLS
E4 | M1 | W5 | W8 ,Combination 7,MODS-HPSP
E4 | M1 | W5 | W8 ,Combination 7,MODS-HRLRP
E4 | M1 | W5 | W8 ,Combination 7,MODS-M3PT
E4 | M1 | W5 | W8 ,Combination 7,MODS-MEA
E4 | M1 | W5 | W8 ,Combination 7,MODS-MEB
E4 | M1 | W5 | W8 ,Combination 7,MODS-MEDPROS Web Reporting
E4 | M1 | W5 | W8 ,Combination 7,MODS-MHA
E4 | M1 | W5 | W8 ,Combination 7,MODS-MWDE
E4 | M1 | W5 | W8 ,Combination 7,MODS-NDR
E4 | M1 | W5 | W8 ,Combination 7,MODS-OBWR
E4 | M1 | W5 | W8 ,Combination 7,MODS-PAD
E4 | M1 | W5 | W8 ,Combination 7,MODS-PDSBR
E4 | M1 | W5 | W8 ,Combination 7,MODS-PDST
E4 | M1 | W5 | W8 ,Combination 7,MODS-PHA
E4 | M1 | W5 | W8 ,Combination 7,MODS-PRT
E4 | M1 | W5 | W8 ,Combination 7,MODS-PWR
E4 | M1 | W5 | W8 ,Combination 7,MODS-Referral Tracking
E4 | M1 | W5 | W8 ,Combination 7,MODS-S&F
E4 | M1 | W5 | W8 ,Combination 7,MODS-SITREP
E4 | M1 | W5 | W8 ,Combination 7,MODS-SPL
E4 | M1 | W5 | W8 ,Combination 7,MODS-SPM
E4 | M1 | W5 | W8 ,Combination 7,MODS-SPT
E4 | M1 | W5 | W8 ,Combination 7,MODS-TBI-T
E4 | M1 | W5 | W8 ,Combination 7,MODS-UM
E4 | M1 | W5 | W8 ,Combination 7,MODS-VT
E4 | M1 | W5 | W8 ,Combination 7,MODS-VTM
E4 | M1 | W5 | W8 ,Combination 7,MODS-WT
E4 | M1 | W5 | W8 ,Combination 7,MODS-e-Profile
E3 | E4 | W5 | W6 | W8 ,Combination 2,MOM
W8 ,Combination 8,MONARCH
E3 | E4 | W5 | W6 | W8 ,Combination 2,MONTAGE RECORDER
E3 | E4 | W5 | W6 | W8 ,Combination 2,MOSAIQ
E3 | W1 | W10 | W3 ,Combination 4,MOTION CAPTURE
E3 | W1 | W10 | W3 ,Combination 4,MOTR
E3 | E4 | W8 ,Combination 5,MOVE!23
W7 ,Combination 6,MOVEit
E4 | W7 ,Combination 1,MOVI
W8 ,Combination 8,MOZILLA
E3 | E4 | W5 | W6 | W8 ,Combination 2,MPI
E4 | M1 | W5 | W8 ,Combination 7,MRDSS
E4 | W7 ,Combination 1,MRESN
E3 | E4 | W5 | W8 ,Combination 3,MRI
E3 | E4 | W5 | W8 ,Combination 3,MRI DEVICE
E3 | E4 | W5 | W8 ,Combination 3,MR INJECTION
E4 | W7 ,Combination 1,MS
E3 | W1 | W10 | W3 ,Combination 4,MSMS
E4 | W7 ,Combination 1,MSRV
E4 | W7 ,Combination 1,MSTT
E3 | E4 | W5 | W6 | W8 ,Combination 2,MSVT
E4 | W7 ,Combination 1,MS ACT
W8 ,Combination 8,MS INFOPATH
E4 | W7 ,Combination 1,MULTINET
E3 | W1 | W10 | W3 ,Combination 4,MULTIPHOTON MICRO
E3 | E4 | W5 | W8 ,Combination 3,MULTIX PRO
E3 | E4 | W5 | W6 | W8 ,Combination 2,MUSE
E3 | E4 | W5 | W8 ,Combination 3,Mammography Device
E4 | W7 ,Combination 1,Media Duplication
E3 | E4 | W5 | W8 ,Combination 3,Medisense
E3 | W1 | W10 | W3 ,Combination 4,Meso QuickPlex
E3 | W1 | W10 | W3 ,Combination 4,Momentum
E3 | W1 | W10 | W3 ,Combination 4,MouseOx
E3 | W1 | W10 | W3 ,Combination 4,Multiphoton Micro
E3 | E4 | W5 | W6 | W8 ,Combination 2,NAB
E3 | E4 | W8 ,Combination 5,NARER
E4 | W7 ,Combination 1,NAS
E4 | W7 ,Combination 1,NATSCO
E3 | E4 | W8 ,Combination 5,NAVFIT98A
E4 | W7 ,Combination 1,NAVISPHERE
E2 | E3 | W2 | W5 | W8 ,Combination 10,NCIHD
E4 | W7 ,Combination 1,NCRMDITO
E3 | E4 | W5 | W6 | W8 ,Combination 2,NCT
E2 | E3 | W2 | W5 | W8 ,Combination 10,NEJM
E3 | E4 | W5 | W6 | W8 ,Combination 2,NEO
E3 | E4 | W5 | W8 ,Combination 3,NEOBASE
E3 | W1 | W10 | W3 ,Combination 4,NEPHELOstar
E3 | E4 | W5 | W6 | W8 ,Combination 2,NEPSY-II
W8 ,Combination 8,NERO
E4 | W7 ,Combination 1,NETBACK
W7 ,Combination 6,NETSCAN
E4 | W7 ,Combination 1,NETSCREEN
E4 | W7 ,Combination 1,NETSUPPORT
E4 | W7 ,Combination 1,NET SUPPORT SCHOOL
E3 | E4 | W5 | W6 | W8 ,Combination 2,NEUROFEEDBACK DEVICE
E3 | E4 | W5 | W8 ,Combination 3,NEUROGRAM
E3 | E4 | W5 | W6 | W8 ,Combination 2,NEUROGUIDE
E3 | E4 | W5 | W6 | W8 ,Combination 2,NEUROWORKS
E3 | E4 | W5 | W6 | W8 ,Combination 2,NEWBORN HEARING ASSESSMENT
E3 | E4 | W5 | W6 | W8 ,Combination 2,NEXUS
E3 | E4 | W5 | W6 | W8 ,Combination 2,NICOLETONE
E3 | E4 | W8 ,Combination 5,NICoE
E3 | E4 | W5 | W6 | W8 ,Combination 2,NIDEK
E3 | E4 | W5 | W6 | W8 ,Combination 2,NIDEK MAGELLAN
E3 | E4 | W5 | W8 ,Combination 3,NIKON
E4 | W7 ,Combination 1,NITRO
W7 ,Combination 6,NITROVIEW
E4 | W7 ,Combination 1,NMS
W7 ,Combination 6,NNMi
E3 | E4 | W5 | W6 | W8 ,Combination 2,NOAH
E3 | E4 | W5 | W6 | W8 ,Combination 2,NONCON
E4 | W7 ,Combination 1,NOS-EM
W8 ,Combination 8,NPDF
E4 | W7 ,Combination 1,NPF
E3 | W1 | W10 | W3 ,Combination 4,NQUERY ADVISOR
E2 | E3 | W2 | W5 | W8 ,Combination 10,NRC
E2 | E3 | W2 | W5 | W8 ,Combination 10,NS
W7 ,Combination 6,NSEC
E3 | E4 | W5 | W6 | W8 ,Combination 2,NSPIRE
E3 | E4 | W5 | W8 ,Combination 3,NUCLEAR MIS
E4 | W7 ,Combination 1,NURSENET
E3 | E4 | W5 | W6 | W8 ,Combination 2,NVISION
E3 | W1 | W10 | W3 ,Combination 4,Nanoprint
E3 | E4 | W5 | W6 | W8 ,Combination 2,Nicolet
E3 | E4 | W5 | W8 ,Combination 3,NucMed DEVICE
E3 | E4 | W5 | W8 ,Combination 3,NucMed Device
E3 | E4 | W5 | W6 | W8 ,Combination 2,OAE
E3 | E4 | W5 | W6 | W8 ,Combination 2,OBCHART
E3 | E4 | W5 | W8 ,Combination 3,OBSERVA
E3 | E4 | W5 | W8 ,Combination 3,OCC HEALTH
E3 | E4 | W5 | W8 ,Combination 3,OCT
E3 | E4 | W5 | W6 | W8 ,Combination 2,OCTOPUS
E3 | E4 | W5 | W6 | W8 ,Combination 2,OCT SPECTRALIS
E3 | E4 | W5 | W6 | W8 ,Combination 2,OCT Visante
E3 | W1 | W10 | W3 ,Combination 4,ODYSSEY
E3 | E4 | W10 | W3 | W5 | W8 ,Combination 9,OFAMS
E3 | E4 | W5 | W6 | W8 ,Combination 2,OFFICE MEDIC
E3 | W1 | W10 | W3 ,Combination 4,OHUET
E3 | E4 | W5 | W6 | W8 ,Combination 2,OIS
W8 ,Combination 8,OMEGA CS
E3 | E4 | W5 | W6 | W8 ,Combination 2,OMNI
E3 | E4 | W5 | W6 | W8 ,Combination 2,OMNIA
W8 ,Combination 8,OMNIPAGE
E3 | E4 | W5 | W6 | W8 ,Combination 2,OMNIPRO
E3 | E4 | W10 | W3 | W5 | W8 ,Combination 9,OMNIPRO-ACCEPT
E4 | W7 ,Combination 1,ONLINE
E3 | E4 | W5 | W6 | W8 ,Combination 2,OPD SCAN II
E4 | W7 ,Combination 1,OPENSSH
E3 | E4 | W5 | W6 | W8 ,Combination 2,OQ45
E4 | W7 ,Combination 1,ORACLE
E3 | E4 | W5 | W6 | W8 ,Combination 2,ORBSCAN
E3 | W1 | W10 | W3 ,Combination 4,ORP-IMS
E3 | E4 | W5 | W8 ,Combination 3,OSMOMETER
E4 | W7 ,Combination 1,OS X LION
E4 | W7 ,Combination 1,OS X SNOW LEOPARD
W7 ,Combination 6,OT
E2 | E3 | W2 | W5 | W8 ,Combination 10,OVID
E4 | W7 ,Combination 1,OVMS
E3 | W1 | W10 | W3 ,Combination 4,Olympus Microscope
E3 | W1 | W10 | W3 ,Combination 4,Olympus Scanner
E4 | W7 ,Combination 1,OpenBook
E3 | E4 | W5 | W6 | W8 ,Combination 2,PACEART
E3 | E4 | W5 | W6 | W8 ,Combination 2,PACEMAKER INTERROGATOR
E3 | E4 | W5 | W8 ,Combination 3,PACSSCAN
E4 | W7 ,Combination 1,PADS
E3 | E4 | W5 | W6 | W8 ,Combination 2,PAI
E3 | E4 | W5 | W8 ,Combination 3,PAPDISP CHART
W8 ,Combination 8,PAPERPORT
E4 | W7 ,Combination 1,PAPERSTORE
E3 | W1 | W10 | W3 ,Combination 4,PARTEK
E3 | E4 | W5 | W6 | W8 ,Combination 2,PARVO
E3 | W1 | W10 | W3 ,Combination 4,PAS
E3 | E4 | W5 | W6 | W8 ,Combination 2,PASAT
E3 | E4 | W5 | W6 | W8 ,Combination 2,PASSNH
E3 | W1 | W10 | W3 ,Combination 4,PATH
E3 | W1 | W10 | W3 ,Combination 4,PATRIOT DIGITIZER
E3 | E4 | W5 | W6 | W8 ,Combination 2,PBH-TERM
E3 | E4 | W5 | W6 | W8 ,Combination 2,PBSC
E4 | W7 ,Combination 1,PCD
E3 | E4 | W5 | W8 ,Combination 3,PCMH
E3 | E4 | W5 | W8 ,Combination 3,PCMS
E3 | E4 | W5 | W8 ,Combination 3,PCR
E3 | E4 | W10 | W3 | W5 | W8 ,Combination 9,PD2
E4 | W7 ,Combination 1,PDF4NET
W8 ,Combination 8,PDF CREATOR
E4 | W7 ,Combination 1,PDS
E3 | E4 | W5 | W6 | W8 ,Combination 2,PEAK PLASMABLADE
E3 | W1 | W10 | W3 ,Combination 4,PEARL
E4 | W7 ,Combination 1,PEPP
E4 | W7 ,Combination 1,PERL
E3 | E4 | W5 | W6 | W8 ,Combination 2,PERNET
E4 | W7 ,Combination 1,PERSONA
W7 ,Combination 6,PERVASIVE
E3 | E4 | W5 | W6 | W8 ,Combination 2,PFT
E3 | E4 | W5 | W6 | W8 ,Combination 2,PFT IQ MANAGER
E3 | E4 | W8 ,Combination 5,PHIDDO
E3 | E4 | W5 | W8 ,Combination 3,PHMS
E3 | E4 | W5 | W8 ,Combination 3,PHORESIS
E3 | E4 | W5 | W6 | W8 ,Combination 2,PHYSIOFLOW
E3 | E4 | W5 | W6 | W8 ,Combination 2,PH MONITORING SYSTEM
W7 ,Combination 6,PI
E3 | E4 | W5 | W6 | W8 ,Combination 2,PICTURE THIS
E3 | E4 | W5 | W6 | W8 ,Combination 2,PIHCP
E3 | E4 | W5 | W8 ,Combination 3,PILLCAM
E3 | E4 | W5 | W6 | W8 ,Combination 2,PINNACLE
E3 | E4 | W10 | W3 | W5 | W8 ,Combination 9,PIPSPRO
E2 | E3 | W2 | W5 | W8 ,Combination 10,PIR
E4 | W7 ,Combination 1,PKI
E3 | E4 | W5 | W6 | W8 ,Combination 2,PLETHYSMOGRAPH
E3 | W1 | W10 | W3 ,Combination 4,PLGS
E4 | W7 ,Combination 1,PL SQL Developer
E4 | W7 ,Combination 1,PMON
E4 | W7 ,Combination 1,PMSS
E3 | E4 | W5 | W6 | W8 ,Combination 2,POC
E3 | E4 | W8 ,Combination 5,POLAR
E4 | W7 ,Combination 1,POSTGRESQL
E4 | W7 ,Combination 1,POWERBUILDER
E4 | W7 ,Combination 1,POWER DVD
E2 | E3 | W2 | W5 | W8 ,Combination 10,PRESCRIBER LETTER
E4 | W7 ,Combination 1,PRINTER
E3 | W1 | W10 | W3 ,Combination 4,PROGENESIS LC-MS
E3 | E4 | W5 | W8 ,Combination 3,PRORAE
E3 | E4 | W5 | W6 | W8 ,Combination 2,PROVATION
E4 | W7 ,Combination 1,PRO FORTRAN
E3 | E4 | W10 | W3 | W5 | W8 ,Combination 9,PRTAS
E4 | W7 ,Combination 1,PS
W8 ,Combination 8,PSHOP
E2 | E3 | W2 | W5 | W8 ,Combination 10,PSYCBOOKS
E3 | E4 | W5 | W6 | W8 ,Combination 2,PSYCHCORPCENTER
E2 | E3 | W2 | W5 | W8 ,Combination 10,PSYCHINFO
E3 | E4 | W5 | W6 | W8 ,Combination 2,PTRP
E3 | W1 | W10 | W3 ,Combination 4,PTS
E3 | W1 | W10 | W3 ,Combination 4,PT Grant
E2 | E3 | W2 | W5 | W8 ,Combination 10,PUBMED
W8 ,Combination 8,PUREEDGE
E4 | W7 ,Combination 1,PUTTY
E2 | E3 | W2 | W5 | W8 ,Combination 10,Pharmacist Letter
E3 | W1 | W10 | W3 ,Combination 4,Ponemah P3P
E3 | E4 | W5 | W6 | W8 ,Combination 2,Precision Web
E4 | W7 ,Combination 1,Print Audit v6
E3 | E4 | W10 | W3 | W5 | W8 ,Combination 9,QAWEB
E3 | E4 | W10 | W3 | W5 | W8 ,Combination 9,QCTRACK
E3 | E4 | W5 | W8 ,Combination 3,QIA
E3 | W1 | W10 | W3 ,Combination 4,QLUCORE
E3 | E4 | W5 | W8 ,Combination 3,QMS
E4 | W7 ,Combination 1,QRES
E3 | E4 | W8 ,Combination 5,QSTARZ
E3 | E4 | W5 | W8 ,Combination 3,QUANTITY ONE
W7 ,Combination 6,QUEST
W7 ,Combination 6,QUEST INTRUST
E3 | E4 | W5 | W8 ,Combination 3,QUESTemp
E2 | E3 | W2 | W5 | W8 ,Combination 10,QUICKDOC
W8 ,Combination 8,QUICKTIME
E4 | W7 ,Combination 1,QWS
E3 | E4 | W5 | W6 | W8 ,Combination 2,Q LOCAL
E3 | W1 | W10 | W3 ,Combination 4,Qtrap 6500 AMCR
E3 | W1 | W10 | W3 ,Combination 4,Quantos
E3 | E4 | W5 | W6 | W8 ,Combination 2,RACSAS
E3 | E4 | W5 | W8 ,Combination 3,RALS-PLUS
E4 | W7 ,Combination 1,RAMMIS-W
E3 | W1 | W10 | W3 ,Combination 4,RAPMI
E3 | E4 | W10 | W3 | W5 | W8 ,Combination 9,RAYSAFE
E3 | E4 | W5 | W6 | W8 ,Combination 2,RCMIS
E3 | E4 | W10 | W3 | W5 | W8 ,Combination 9,RDA-TC
E3 | W1 | W10 | W3 ,Combination 4,RDMS
W7 ,Combination 6,REACHPLUS ALERTS
E3 | E4 | W5 | W6 | W8 ,Combination 2,READALYZER
E3 | E4 | W5 | W6 | W8 ,Combination 2,READIBAND
E3 | E4 | W5 | W6 | W8 ,Combination 2,REALEYES
E4 | W7 ,Combination 1,RECBASS
E4 | W7 ,Combination 1,RECEIVER
E4 | W7 ,Combination 1,REFLECTION
E3 | E4 | W5 | W6 | W8 ,Combination 2,REFRACTOR
E2 | E3 | W2 | W5 | W8 ,Combination 10,REF MAN
E3 | E4 | W10 | W3 | W5 | W8 ,Combination 9,REGULUS
E4 | W7 ,Combination 1,REMARK
E3 | E4 | W5 | W6 | W8 ,Combination 2,REMBRANDT
E3 | E4 | W5 | W8 ,Combination 3,REPORTIT
E3 | E4 | W5 | W6 | W8 ,Combination 2,RESPECT
E3 | E4 | W5 | W8 ,Combination 3,RESPIRATOR FIT TESTER
E3 | E4 | W8 ,Combination 5,RESPONDER RCI
E3 | E4 | W5 | W6 | W8 ,Combination 2,RESSCAN
E3 | E4 | W5 | W6 | W8 ,Combination 2,RETCAM
W7 ,Combination 6,RETINA
E3 | E4 | W5 | W6 | W8 ,Combination 2,RETINAL CAMERA
E4 | W7 ,Combination 1,RFS
E4 | W7 ,Combination 1,RH
E3 | E4 | W5 | W6 | W8 ,Combination 2,RIAP-S
E4 | W7 ,Combination 1,RIIDV
E4 | W7 ,Combination 1,RIMAGE
E3 | E4 | W5 | W6 | W8 ,Combination 2,RMIPPAA
E3 | E4 | W8 ,Combination 5,RMPMT
E4 | W7 ,Combination 1,ROBOHELP
E3 | E4 | W5 | W6 | W8 ,Combination 2,ROCHE IT
E3 | W1 | W10 | W3 ,Combination 4,ROTAROD
W8 ,Combination 8,ROXIO CREATOR
E2 | E3 | W2 | W5 | W8 ,Combination 10,RRC
E3 | E4 | W5 | W6 | W8 ,Combination 2,RSIS
E4 | W7 ,Combination 1,RSMS
E3 | W1 | W10 | W3 ,Combination 4,RSPCOOS
E2 | E3 | W2 | W5 | W8 ,Combination 10,RSUB
E3 | E4 | W10 | W3 | W5 | W8 ,Combination 9,RTLS
E4 | W7 ,Combination 1,RUSHWORKS
E3 | E4 | W5 | W6 | W8 ,Combination 2,RadCalc
E3 | E4 | W5 | W8 ,Combination 3,RadWorks
E4 | W7 ,Combination 1,Remedy
E3 | E4 | W5 | W8 ,Combination 3,Riverain
E3 | E4 | W5 | W8 ,Combination 3,S2IC
E3 | E4 | W5 | W6 | W8 ,Combination 2,S3
E4 | W7 ,Combination 1,SAGENT
W7 ,Combination 6,SAM
E4 | W7 ,Combination 1,SAN
E3 | E4 | W5 | W6 | W8 ,Combination 2,SANDMAN
E3 | E4 | W5 | W6 | W8 ,Combination 2,SARPTA
E4 | W7 ,Combination 1,SAVI
E3 | W1 | W10 | W3 ,Combination 4,SAWS
E4 | W7 ,Combination 1,SCANSNAP
E4 | W7 ,Combination 1,SCCM
E3 | E4 | W5 | W8 ,Combination 3,SCHICK
W7 ,Combination 6,SCRUTINIZER
E3 | E4 | W5 | W8 ,Combination 3,SCSI
E3 | W1 | W10 | W3 ,Combination 4,SCZTHERMDAQ
E3 | E4 | W5 | W8 ,Combination 3,SDI
E3 | W1 | W10 | W3 ,Combination 4,SD ABS Tremor
W7 ,Combination 6,SECURECRT
E3 | E4 | W5 | W6 | W8 ,Combination 2,SECURE CONSOLE
E3 | E4 | W5 | W6 | W8 ,Combination 2,SEER Rx
E2 | E3 | W2 | W5 | W8 ,Combination 10,SEMD
E3 | E4 | W5 | W8 ,Combination 3,SEMEN ANALYZER
E3 | E4 | W5 | W6 | W8 ,Combination 2,SENSIS HEMO CATH LAB
E4 | W7 ,Combination 1,SENTILLION
E3 | E4 | W5 | W6 | W8 ,Combination 2,SERIES IV PHYSIOM
E4 | W7 ,Combination 1,SERVERS
W7 ,Combination 6,SFWSUSS
E4 | W7 ,Combination 1,SGI
E3 | E4 | W5 | W8 ,Combination 3,SHARE
E4 | W7 ,Combination 1,SHAREPOINT
W7 ,Combination 6,SHAVLIK
E3 | E4 | W5 | W6 | W8 ,Combination 2,SHIPLEY
E4 | W7 ,Combination 1,SHOCKWAVE
E3 | W1 | W10 | W3 ,Combination 4,SHUTAVOID
E3 | E4 | W5 | W8 ,Combination 3,SIDEXIS
E3 | E4 | W5 | W6 | W8 ,Combination 2,SIGMAPLOT
W8 ,Combination 8,SILVERLIGHT
E4 | W7 ,Combination 1,SIMPANA
E3 | E4 | W5 | W8 ,Combination 3,SIMPLANT
E3 | W1 | W10 | W3 ,Combination 4,SIMQUEST
E3 | E4 | W5 | W6 | W8 ,Combination 2,SIMS
E3 | E4 | W10 | W3 | W5 | W8 ,Combination 9,SKED
E4 | W7 ,Combination 1,SL
E3 | E4 | W5 | W6 | W8 ,Combination 2,SLEEPWORKS
W8 ,Combination 8,SLIDE EXEC
E3 | E4 | W5 | W6 | W8 ,Combination 2,SLIT LAMP
W7 ,Combination 6,SM
E4 | W7 ,Combination 1,SMARTBEAR
E4 | W7 ,Combination 1,SMARTSEND
E3 | E4 | W5 | W8 ,Combination 3,SMS
W8 ,Combination 8,SNAGIT
E3 | W1 | W10 | W3 ,Combination 4,SNARC
E3 | E4 | W5 | W6 | W8 ,Combination 2,SNC
E4 | W7 ,Combination 1,SOCKET TOOLS
E4 | W7 ,Combination 1,SOLARIS
E3 | E4 | W5 | W6 | W8 ,Combination 2,SOMNOSTAR SLEEP LAB
W8 ,Combination 8,SONIC
E3 | E4 | W5 | W6 | W8 ,Combination 2,SONOVA
E3 | E4 | W5 | W6 | W8 ,Combination 2,SONULTRA
E3 | E4 | W5 | W6 | W8 ,Combination 2,SORS
E3 | E4 | W5 | W8 ,Combination 3,SOUNDCHECK
W8 ,Combination 8,SOUNDFORGE
E3 | E4 | W5 | W8 ,Combination 3,SPECIMEN
E3 | E4 | W10 | W3 | W5 | W8 ,Combination 9,SPECIMEN LABELER
E3 | W1 | W10 | W3 ,Combination 4,SPECIMEN TRACKER
E3 | W1 | W10 | W3 ,Combination 4,SPECTRAMAX
E3 | E4 | W5 | W8 ,Combination 3,SPERM ANALYZER
E3 | E4 | W5 | W6 | W8 ,Combination 2,SPIROMETER
E3 | W1 | W10 | W3 ,Combination 4,SPIRO PD
E4 | W7 ,Combination 1,SPLUNK
E3 | E4 | W8 ,Combination 5,SPORTIDENT
E3 | E4 | W5 | W8 ,Combination 3,SPY ELITE
E4 | W7 ,Combination 1,SQL
E3 | E4 | W10 | W3 | W5 | W8 ,Combination 9,SRTS
W7 ,Combination 6,SS
E4 | W7 ,Combination 1,SSHClient
E4 | W7 ,Combination 1,SSL VPN
E3 | E4 | W5 | W6 | W8 ,Combination 2,SSPQ-X
E3 | E4 | W5 | W8 ,Combination 3,STA
E2 | E3 | W2 | W5 | W8 ,Combination 10,STAT
E3 | E4 | W8 ,Combination 5,STATA
E3 | E4 | W5 | W8 ,Combination 3,STATDX
E3 | E4 | W8 ,Combination 5,STATISTICA
E2 | E3 | W2 | W5 | W8 ,Combination 10,STEDMANsEMD
E3 | E4 | W5 | W8 ,Combination 3,STEROTACTIC
E3 | E4 | W5 | W6 | W8 ,Combination 2,STIM2
E4 | W7 ,Combination 1,STREEM
E3 | E4 | W5 | W6 | W8 ,Combination 2,STROBOSCOPE
E4 | W7 ,Combination 1,STSS
E4 | W7 ,Combination 1,STUDIOFX
E4 | W7 ,Combination 1,SUPER 2D-3D
E3 | E4 | W5 | W6 | W8 ,Combination 2,SURGICAL ROBOT
E3 | E4 | W5 | W6 | W8 ,Combination 2,SURGIVISION
E3 | E4 | W5 | W8 ,Combination 3,SURROUND
E4 | W7 ,Combination 1,SURVEY MONKEY
E4 | W7 ,Combination 1,SWA
W7 ,Combination 6,SWN
E4 | W7 ,Combination 1,SYMANTEC
E4 | W7 ,Combination 1,SYNCSORT
E4 | W7 ,Combination 1,SYSBIOCUBE
E3 | E4 | W5 | W8 ,Combination 3,Scaffold
E3 | E4 | W5 | W8 ,Combination 3,ScanPoint
E4 | W7 ,Combination 1,ScanTools Plus
E3 | W1 | W10 | W3 ,Combination 4,Seahorse Analyzer
E3 | E4 | W5 | W8 ,Combination 3,SoftMax Pro
E3 | E4 | W5 | W6 | W8 ,Combination 2,Spirometer
E4 | W7 ,Combination 1,Spyder3Pro
E4 | W7 ,Combination 1,Storage
E4 | W7 ,Combination 1,SyBASE
E3 | E4 | W10 | W3 | W5 | W8 ,Combination 9,T-DOC
E4 | W7 ,Combination 1,TABLEAU
E4 | W7 ,Combination 1,TACACS
E3 | W1 | W10 | W3 ,Combination 4,TAIHOD
E4 | W7 ,Combination 1,TANDBERG-MS
E3 | E4 | W5 | W6 | W8 ,Combination 2,TBIF
E3 | E4 | W5 | W6 | W8 ,Combination 2,TBII
E3 | W1 | W10 | W3 ,Combination 4,TEER
E4 | W7 ,Combination 1,TELELIBRARY-CRD
E3 | E4 | W5 | W6 | W8 ,Combination 2,TELEMETRY
E3 | E4 | W5 | W8 ,Combination 3,TELE 360
E3 | E4 | W5 | W8 ,Combination 3,TERARECON
E4 | W7 ,Combination 1,TEST SERVER
E4 | W7 ,Combination 1,TETRA
E3 | E4 | W5 | W8 ,Combination 3,TEXT CONTROL
E4 | W7 ,Combination 1,TF
E3 | E4 | W5 | W6 | W8 ,Combination 2,THERASCRIBE
E3 | E4 | W5 | W6 | W8 ,Combination 2,THERASOFT
E3 | W1 | W10 | W3 ,Combination 4,THERMO SIEVE
E3 | E4 | W5 | W8 ,Combination 3,THYROID UPTAKE
E3 | E4 | W10 | W3 | W5 | W8 ,Combination 9,TIPS-Write
W7 ,Combination 6,TITUS
E3 | E4 | W5 | W8 ,Combination 3,TLIQ
E3 | E4 | W5 | W6 | W8 ,Combination 2,TM STIMULUS
W8 ,Combination 8,TOAD
E3 | E4 | W5 | W8 ,Combination 3,TOBACCO CESATION
E3 | W1 | W10 | W3 ,Combination 4,TOF 5800
E3 | E4 | W5 | W6 | W8 ,Combination 2,TOMOGRAPHY
E3 | E4 | W5 | W6 | W8 ,Combination 2,TONOMETER
W8 ,Combination 8,TOPAZ ELECTRONIC
E3 | E4 | W5 | W6 | W8 ,Combination 2,TOPCON
E3 | W1 | W10 | W3 ,Combination 4,TOXMSTR
E4 | W7 ,Combination 1,TPFIMS
E3 | E4 | W5 | W6 | W8 ,Combination 2,TRACEMASTERVUE
E4 | W7 ,Combination 1,TRACK-IT
E3 | E4 | W8 ,Combination 5,TRAKPRO
E3 | E4 | W5 | W8 ,Combination 3,TRAVAX
E3 | E4 | W5 | W6 | W8 ,Combination 2,TREADMILL
W7 ,Combination 6,TREND
E3 | E4 | W5 | W8 ,Combination 3,TRI-CARB
E4 | W7 ,Combination 1,TRIPWIRE
E3 | E4 | W5 | W8 ,Combination 3,TRITURUS
E3 | W1 | W10 | W3 ,Combination 4,TRMDU
E3 | E4 | W5 | W6 | W8 ,Combination 2,TRUSCAN32
E4 | W7 ,Combination 1,TS
E3 | E4 | W5 | W6 | W8 ,Combination 2,TSI-SP
E3 | E4 | W5 | W6 | W8 ,Combination 2,TSVCRC
E3 | E4 | W5 | W6 | W8 ,Combination 2,TWIN
E3 | E4 | W5 | W6 | W8 ,Combination 2,TWINLOOK
E3 | E4 | W5 | W8 ,Combination 3,TeleDermatology
E3 | E4 | W5 | W8 ,Combination 3,TelePathology
E3 | E4 | W5 | W8 ,Combination 3,UBS
W7 ,Combination 6,UFT
E4 | W7 ,Combination 1,UGVS
E3 | E4 | W5 | W6 | W8 ,Combination 2,UIMS
E4 | W7 ,Combination 1,ULTRAEDIT
E3 | E4 | W5 | W8 ,Combination 3,ULTRASOUND DEVICE
W7 ,Combination 6,UMS
E3 | E4 | W10 | W3 | W5 | W8 ,Combination 9,UNITY
E3 | W1 | W10 | W3 ,Combination 4,UPC2
E3 | E4 | W5 | W8 ,Combination 3,URINE ANALYZER
E3 | W1 | W10 | W3 ,Combination 4,USSING
E3 | E4 | W5 | W8 ,Combination 3,Ultrasound Device
E3 | E4 | W5 | W8 ,Combination 3,Ultrasound Device-Sonultra
E3 | E4 | W5 | W8 ,Combination 3,Urine Analyzer
E3 | E4 | W5 | W8 ,Combination 3,Urodynamics Analyzer
E3 | W1 | W10 | W3 ,Combination 4,VAPOMETER
E3 | E4 | W5 | W6 | W8 ,Combination 2,VARIAN
E3 | E4 | W5 | W8 ,Combination 3,VARIANT
E4 | W7 ,Combination 1,VARONIS
E3 | E4 | W5 | W6 | W8 ,Combination 2,VB
E4 | W7 ,Combination 1,VBRICK
E4 | W7 ,Combination 1,VEEAM
E4 | W7 ,Combination 1,VEGAS
E3 | E4 | W10 | W3 | W5 | W8 ,Combination 9,VERILUM
E3 | W1 | W10 | W3 ,Combination 4,VETSCAN
E4 | W7 ,Combination 1,VFTPS
E4 | W7 ,Combination 1,VI
E3 | E4 | W5 | W6 | W8 ,Combination 2,VIKINGSELECT
E2 | E3 | W2 | W5 | W8 ,Combination 10,VILS
E3 | E4 | W5 | W6 | W8 ,Combination 2,VIRTUAL IRAQ
E3 | W1 | W10 | W3 ,Combination 4,VISCOMETER
E3 | E4 | W5 | W8 ,Combination 3,VISTA TRIMA
E3 | W1 | W10 | W3 ,Combination 4,VITALVIEW
E3 | E4 | W5 | W6 | W8 ,Combination 2,VK2
E4 | W7 ,Combination 1,VMWARE
E3 | W1 | W10 | W3 ,Combination 4,VORTEQ-DVA
W8 ,Combination 8,VPMI
E4 | W7 ,Combination 1,VPS
E3 | E4 | W8 ,Combination 5,VREIP
E4 | W7 ,Combination 1,VS
E4 | W7 ,Combination 1,VStu
E4 | W7 ,Combination 1,VTC
E3 | E4 | W5 | W6 | W8 ,Combination 2,VTS-3
E4 | W7 ,Combination 1,VVS
E4 | W7 ,Combination 1,VYOPTA VANALYTICS
E3 | W1 | W10 | W3 ,Combination 4,Visiopharm
E3 | E4 | W5 | W6 | W8 ,Combination 2,Visual Field PLOTTER
E3 | E4 | W5 | W6 | W8 ,Combination 2,W-J III
E4 | W7 ,Combination 1,WACOMTABLET
E3 | E4 | W5 | W6 | W8 ,Combination 2,WAIS-WMS
E3 | W1 | W10 | W3 ,Combination 4,WAM
E4 | W7 ,Combination 1,WAS XPV
E3 | E4 | W5 | W6 | W8 ,Combination 2,WAVEFRONT
E3 | E4 | W5 | W6 | W8 ,Combination 2,WCST
E4 | W7 ,Combination 1,WEBLOGIC
E4 | W7 ,Combination 1,WEBSITE
E3 | E4 | W10 | W3 | W5 | W8 ,Combination 9,WEBVAX
W8 ,Combination 8,WEB AEFSS
W7 ,Combination 6,WEB INSPECT
E4 | W7 ,Combination 1,WEB PARTS
E3 | E4 | W5 | W6 | W8 ,Combination 2,WELCH ALLYN
E3 | E4 | W5 | W8 ,Combination 3,WHONET
E3 | E4 | W5 | W6 | W8 ,Combination 2,WIAT-III
E4 | W7 ,Combination 1,WINCARDID
E4 | W7 ,Combination 1,WINSCP
E4 | W7 ,Combination 1,WINSQL
E4 | W7 ,Combination 1,WINS Service
E4 | W7 ,Combination 1,WINWEDGE
E4 | W7 ,Combination 1,WINZIP
E4 | W7 ,Combination 1,WIN AUTOMATION
E4 | W7 ,Combination 1,WIRESHARK
E3 | E4 | W5 | W6 | W8 ,Combination 2,WISC-IV
E3 | W1 | W10 | W3 ,Combination 4,WMATS
E3 | E4 | W10 | W3 | W5 | W8 ,Combination 9,WOLFSENSE
E2 | E3 | W2 | W5 | W8 ,Combination 10,WORLDCAT
E3 | E4 | W5 | W6 | W8 ,Combination 2,WPPSI-III
E3 | E4 | W5 | W6 | W8 ,Combination 2,WRAT4
E3 | E4 | W5 | W8 ,Combination 3,WRMT-II
E4 | W7 ,Combination 1,WS
E4 | W7 ,Combination 1,WSUS
E4 | W7 ,Combination 1,WS FTP
E3 | E4 | W8 ,Combination 5,WT
W7 ,Combination 6,WUG
E4 | W7 ,Combination 1,WWN
E3 | W1 | W10 | W3 ,Combination 4,Wheel
E3 | E4 | W5 | W6 | W8 ,Combination 2,WinDX
E3 | E4 | W5 | W8 ,Combination 3,X-RAY DEVICE
E3 | E4 | W5 | W8 ,Combination 3,X-Ray Device
E3 | E4 | W5 | W8 ,Combination 3,X-Ray Processor
E3 | E4 | W5 | W6 | W8 ,Combination 2,X-SCRIBE
E4 | W7 ,Combination 1,X1
E4 | W7 ,Combination 1,XENAPP
E4 | W7 ,Combination 1,XENDESKTOP
W7 ,Combination 6,XIAM
E3 | E4 | W5 | W6 | W8 ,Combination 2,XLTECH
E3 | E4 | W5 | W6 | W8 ,Combination 2,XPER
E4 | W7 ,Combination 1,XTRA
E3 | E4 | W8 ,Combination 5,XYBN
E4 | W7 ,Combination 1,XYLOC
E3 | W1 | W10 | W3 ,Combination 4,Xigma Track
E3 | W1 | W10 | W3 ,Combination 4,Zebra Lab
E3 | E4 | W8 ,Combination 5,eDQ
E3 | E4 | W8 ,Combination 5,eMEB
E4 | W7 ,Combination 1,eRoom
W7 ,Combination 6,mJAD
E3 | E4 | W10 | W3 | W5 | W8 ,Combination 9,oRTIgo
E4 | W7 ,Combination 1,vSPHERE
E3 | W1 | W10 | W3 ,Combination 4,xCELLigence
